model,epoch,num_runs,train_loss_mean,train_loss_std,val_loss_mean,val_loss_std
lstm_dynamics,1,3,17.775840637487764,0.35493010207387166,14.344029424483317,1.161734357752328
lstm_dynamics,2,3,12.47740303076707,0.8376535918919282,11.47633953889211,1.418446004729929
lstm_dynamics,3,3,10.4500389914492,0.8302823126891241,9.401086716275465,0.2958506990240186
lstm_dynamics,4,3,9.15297792690657,0.29916974845164535,9.037200574289288,0.4128585730737321
lstm_dynamics,5,3,8.088635887418475,0.11899123939909886,8.299531662673282,0.7577040597793413
lstm_dynamics,6,3,7.687259445974838,0.020522514736174054,8.70615213795712,0.6152123341725598
lstm_dynamics,7,3,7.288600137739471,0.07903956169569877,8.022506973722523,0.2978744650680453
lstm_dynamics,8,3,7.023924190760691,0.03945980163129894,7.614327736068191,0.804781343482909
lstm_dynamics,9,3,6.715605818348013,0.2336727940257688,7.246848288335298,0.5952556624445762
lstm_dynamics,10,3,6.459470997125039,0.2256864742481863,7.313022457716758,0.9484265846884468
lstm_dynamics,11,3,6.27631938251066,0.11213296470343584,6.872000593365285,0.2601323151131981
lstm_dynamics,12,3,5.963275420072275,0.008840938026166669,8.517670030133766,2.4425591108995266
lstm_dynamics,13,3,6.031006357112489,0.3497249650037079,6.375711786642409,0.12283240626403152
lstm_dynamics,14,3,5.7055154435046305,0.06195363514742083,7.3877648836688,0.7132444916568864
lstm_dynamics,15,3,5.546188283792307,0.10711549639802002,6.937310725973364,1.0411081136175666
lstm_dynamics,16,3,5.445731546455647,0.08332288564161743,6.30526464706973,0.43959661215874685
lstm_dynamics,17,3,5.02073238267527,0.2192648978817572,6.2877251019603335,0.44418885996743973
lstm_dynamics,18,3,5.037211758233768,0.3548827242124938,6.3275291679198284,0.3015963725603599
lstm_dynamics,19,3,4.931924840072533,0.21654308572703151,6.0801230606279875,0.26449665296924896
lstm_dynamics,20,3,4.776486958518173,0.22023450725651078,6.418104613559289,0.5366510251609167
lstm_dynamics,21,3,4.69790116223422,0.16028718888313412,6.345967405720761,0.2067988354299575
lstm_dynamics,22,3,4.579376939571265,0.23950884055630794,6.437862079394492,0.28163625805817344
lstm_dynamics,23,3,4.408710485412961,0.22875229654893198,6.031410658045819,0.17148060177061328
lstm_dynamics,24,3,4.11419481503499,0.22007653294688428,6.399250616629918,0.1565800158802359
lstm_dynamics,25,3,4.08536435618545,0.2310463201281256,6.2114916271285,0.22481212453983754
lstm_dynamics,26,3,3.929516695278547,0.06948375342866514,6.478982599158036,0.20273228608459762
lstm_dynamics,27,3,3.883204347127444,0.07222813285098904,6.63162465315116,0.23965394692819467
lstm_dynamics,28,3,3.724374198294305,0.10453472715091504,6.1211216355624956,0.08821291093749195
lstm_dynamics,29,3,3.602325171103209,0.10561409837784363,6.057123297662066,0.12761587970229168
lstm_dynamics,30,3,3.505452625421219,0.09508471195831449,6.207954906057894,0.2424700307685731
lstm_dynamics,31,3,3.4404359859821603,0.0810447655213078,6.9637274966951,0.9558600861536837
lstm_dynamics,32,2,3.3852106572745684,0.06746101312759688,6.043364157802181,0.1042463988649923
lstm_dynamics,33,1,3.1593826962755873,0.0,5.7601411358306285,0.0
lstm_dynamics,34,1,3.0791626193306665,0.0,6.638552151228252,0.0
lstm_dynamics,35,1,3.0540247195726864,0.0,5.822414950320595,0.0
lstm_dynamics,36,1,2.9969965436241846,0.0,5.919716841296146,0.0
lstm_dynamics,37,1,2.9547920846319817,0.0,6.140233507281856,0.0
lstm_dynamics,38,1,3.0064648080181766,0.0,6.468465182342027,0.0
lstm_dynamics,39,1,2.933092399851068,0.0,6.37698400334308,0.0
lstm_dynamics,40,1,2.752943333867308,0.0,6.553955104790236,0.0
lstm_dynamics,41,1,2.700581182133068,0.0,6.520743498676701,0.0
lstm_dynamics,42,1,2.702989873173949,0.0,6.388637064318908,0.0
lstm_dynamics,43,1,2.644164599381484,0.0,6.398013574512381,0.0
lstm_dynamics,44,1,2.6322621269659563,0.0,6.5417188249136276,0.0
lstm_dynamics,45,1,2.6049125163586107,0.0,6.173420750781109,0.0
lstm_dynamics,46,1,2.4969013302357164,0.0,6.511559494231877,0.0
lstm_dynamics,47,1,2.4559975552868534,0.0,6.384428030566165,0.0
lstm_dynamics,48,1,2.444950147108598,0.0,6.283941032070863,0.0
